{
  "mappedPoints": [
    {
      "easting": 586881.73,
      "northing": 6309232.814
    },
    {
      "easting": 587344.891,
      "northing": 6318794.137
    },
    {
      "easting": 594323.053,
      "northing": 6451405.9
    }
  ],
  "flipSum": [
    "142.788617 km",
    "133.188617 km"
  ],
  "distance": "142.788617 km",
  "legsSum": [
    "9.600000 km",
    "142.788617 km"
  ],
  "legs": [
    "9.600000 km",
    "133.188617 km"
  ],
  "mappedZones": [
    {
      "lngZone": 55,
      "latZone": "H"
    }
  ]
}
