{
  "mappedPoints": [
    {
      "easting": 586880.301,
      "northing": 6309232.881
    },
    {
      "easting": 587309.164,
      "northing": 6318795.791
    },
    {
      "easting": 594358.777,
      "northing": 6451404.233
    }
  ],
  "flipSum": [
    "142.789048 km",
    "133.189048 km"
  ],
  "distance": "142.789048 km",
  "legsSum": [
    "9.600000 km",
    "142.789048 km"
  ],
  "legs": [
    "9.600000 km",
    "133.189048 km"
  ],
  "mappedZones": [
    {
      "lngZone": 55,
      "latZone": "H"
    }
  ]
}
