{
  "mappedPoints": [
    {
      "easting": 587019.075,
      "northing": 6309201.529
    },
    {
      "easting": 590778.548,
      "northing": 6318012.077
    },
    {
      "easting": 621751.298,
      "northing": 6388657.778
    },
    {
      "easting": 686574.48,
      "northing": 6406148.437
    }
  ],
  "flipSum": [
    "153.936362 km",
    "144.336362 km",
    "67.032519 km"
  ],
  "distance": "153.936362 km",
  "legsSum": [
    "9.600000 km",
    "86.903843 km",
    "153.936362 km"
  ],
  "legs": [
    "9.600000 km",
    "77.303843 km",
    "67.032519 km"
  ],
  "mappedZones": [
    {
      "lngZone": 55,
      "latZone": "H"
    }
  ]
}
