{
  "mappedPoints": [
    {
      "easting": 587019.075,
      "northing": 6309201.529
    },
    {
      "easting": 590778.548,
      "northing": 6318012.077
    },
    {
      "easting": 621561.085,
      "northing": 6388495.786
    },
    {
      "easting": 686573.369,
      "northing": 6406152.564
    }
  ],
  "flipSum": [
    "153.937472 km",
    "144.337472 km",
    "67.258393 km"
  ],
  "distance": "153.937472 km",
  "legsSum": [
    "9.600000 km",
    "86.679079 km",
    "153.937472 km"
  ],
  "legs": [
    "9.600000 km",
    "77.079079 km",
    "67.258393 km"
  ],
  "mappedZones": [
    {
      "lngZone": 55,
      "latZone": "H"
    }
  ]
}
