{
  "mappedPoints": [
    {
      "easting": 587148.302,
      "northing": 6309113.907
    },
    {
      "easting": 594009.283,
      "northing": 6315821.567
    },
    {
      "easting": 687164.183,
      "northing": 6405909.648
    },
    {
      "easting": 740420.009,
      "northing": 6423475.382
    }
  ],
  "flipSum": [
    "195.225011 km",
    "185.625011 km",
    "55.982029 km"
  ],
  "distance": "195.225011 km",
  "legsSum": [
    "9.600000 km",
    "139.242982 km",
    "195.225011 km"
  ],
  "legs": [
    "9.600000 km",
    "129.642982 km",
    "55.982029 km"
  ],
  "mappedZones": [
    {
      "lngZone": 55,
      "latZone": "H"
    }
  ]
}
