{
  "mappedPoints": [
    {
      "easting": 587148.302,
      "northing": 6309113.907
    },
    {
      "easting": 594009.283,
      "northing": 6315821.567
    },
    {
      "easting": 687171.539,
      "northing": 6405914.054
    },
    {
      "easting": 740418.194,
      "northing": 6423480.786
    }
  ],
  "flipSum": [
    "195.224984 km",
    "185.624984 km",
    "55.973658 km"
  ],
  "distance": "195.224984 km",
  "legsSum": [
    "9.600000 km",
    "139.251326 km",
    "195.224984 km"
  ],
  "legs": [
    "9.600000 km",
    "129.651326 km",
    "55.973658 km"
  ],
  "mappedZones": [
    {
      "lngZone": 55,
      "latZone": "H"
    }
  ]
}
